{
  "jothungergames.hornofplenty_real_oldrecord": {
    "sounds": [
      {"name": "jothungergames/hornofplenty_real_oldrecord"}
      ], "replace": "true", "subtitle": "Anthem plays"
  },
  "jothungergames.hornofplenty_noteblocks_oldrecord": {
    "sounds": [
      {"name": "jothungergames/hornofplenty_noteblocks_oldrecord"}
      ], "replace": "true", "subtitle": "Anthem plays"
  },
  "jothungergames.bloodrain_1": {
    "sounds": [
      {"name": "jothungergames/bloodrain_1"}
      ], "replace": "true", "subtitle": "Blood rain falls"
  }
}
